Workbook

Sheet Sheet1
A1: Class | B1: Geology | C1: ROCKTYPE | D1: MIN_AGE | E1: MAX_AGE | F1: Hydrolithology | G1: Assignment note | H1: log10 k (m2) | I1: Ksat (m/s) | J1: Ksat (m/day) | K1: Alt hydrolithology | L1: Alt Ksat (m/day)
A2: 1 | B2: Qvm | C2: Volcanic | D2: Quaternary | E2: Quaternary | F2: Volcanic rocks | G2: Volcanic rocks | H2: =IFERROR(INDEX(Ksat_Lookup!$B$9:$B$18,MATCH(F2,Ksat_Lookup!$A$9:$A$18,0)),"") -> -12.5 | I2: =IF(H2="","",10^H2*Ksat_Lookup!$B$5) -> 3.1021944e-06 | J2: =IF(I2="","",I2*Ksat_Lookup!$B$6) -> 0.26802959
A3: 2 | B3: TQvm | C3: Volcanic | D3: Quaternary | E3: Tertiary | F3: Volcanic rocks | G3: Volcanic rocks | H3: =IFERROR(INDEX(Ksat_Lookup!$B$9:$B$18,MATCH(F3,Ksat_Lookup!$A$9:$A$18,0)),"") -> -12.5 | I3: =IF(H3="","",10^H3*Ksat_Lookup!$B$5) -> 3.1021944e-06 | J3: =IF(I3="","",I3*Ksat_Lookup!$B$6) -> 0.26802959
A4: 3 | B4: PTR | C4: Sedimentary | D4: Triassic | E4: Permian | F4: Siliciclastic sedimentary rocks | G4: Pre-Quaternary sedimentary rock (lithology not given) -> siliciclastic, undifferentiated | H4: =IFERROR(INDEX(Ksat_Lookup!$B$9:$B$18,MATCH(F4,Ksat_Lookup!$A$9:$A$18,0)),"") -> -15.2 | I4: =IF(H4="","",10^H4*Ksat_Lookup!$B$5) -> 6.1896915e-09 | J4: =IF(I4="","",I4*Ksat_Lookup!$B$6) -> 0.00053478935
A5: 4 | B5: Q | C5: Sedimentary | D5: Quaternary | E5: Quaternary | F5: Unconsolidated sediments | G5: Quaternary sediments -> unconsolidated | H5: =IFERROR(INDEX(Ksat_Lookup!$B$9:$B$18,MATCH(F5,Ksat_Lookup!$A$9:$A$18,0)),"") -> -13 | I5: =IF(H5="","",10^H5*Ksat_Lookup!$B$5) -> 9.81e-07 | J5: =IF(I5="","",I5*Ksat_Lookup!$B$6) -> 0.0847584
A6: 5 | B6: ZD | C6: Sedimentary | D6: Devonian | E6: Late Proterozoic | F6: Siliciclastic sedimentary rocks | G6: Pre-Quaternary sedimentary rock (lithology not given) -> siliciclastic, undifferentiated | H6: =IFERROR(INDEX(Ksat_Lookup!$B$9:$B$18,MATCH(F6,Ksat_Lookup!$A$9:$A$18,0)),"") -> -15.2 | I6: =IF(H6="","",10^H6*Ksat_Lookup!$B$5) -> 6.1896915e-09 | J6: =IF(I6="","",I6*Ksat_Lookup!$B$6) -> 0.00053478935
A7: 6 | B7: uK | C7: Sedimentary | D7: Upper Cretaceous | E7: Upper Cretaceous | F7: Siliciclastic sedimentary rocks | G7: Pre-Quaternary sedimentary rock (lithology not given) -> siliciclastic, undifferentiated | H7: =IFERROR(INDEX(Ksat_Lookup!$B$9:$B$18,MATCH(F7,Ksat_Lookup!$A$9:$A$18,0)),"") -> -15.2 | I7: =IF(H7="","",10^H7*Ksat_Lookup!$B$5) -> 6.1896915e-09 | J7: =IF(I7="","",I7*Ksat_Lookup!$B$6) -> 0.00053478935
A8: 7 | B8: MZsv | C8: Volcanic | D8: Mesozoic | E8: Mesozoic | F8: Mixed sedimentary-volcanic | G8: 'sv' = sedimentary and volcanic rocks -> log-average of the two | H8: =IFERROR(INDEX(Ksat_Lookup!$B$9:$B$18,MATCH(F8,Ksat_Lookup!$A$9:$A$18,0)),"") -> -13.85 | I8: =IF(H8="","",10^H8*Ksat_Lookup!$B$5) -> 1.3856993e-07 | J8: =IF(I8="","",I8*Ksat_Lookup!$B$6) -> 0.011972442
A9: 8 | B9: eTvm* | C9: Volcanic | D9: Eocene | E9: Eocene | F9: Volcanic rocks | G9: Volcanic rocks | H9: =IFERROR(INDEX(Ksat_Lookup!$B$9:$B$18,MATCH(F9,Ksat_Lookup!$A$9:$A$18,0)),"") -> -12.5 | I9: =IF(H9="","",10^H9*Ksat_Lookup!$B$5) -> 3.1021944e-06 | J9: =IF(I9="","",I9*Ksat_Lookup!$B$6) -> 0.26802959
A10: 9 | B10: K | C10: Sedimentary | D10: Cretaceous | E10: Cretaceous | F10: Siliciclastic sedimentary rocks | G10: Pre-Quaternary sedimentary rock (lithology not given) -> siliciclastic, undifferentiated | H10: =IFERROR(INDEX(Ksat_Lookup!$B$9:$B$18,MATCH(F10,Ksat_Lookup!$A$9:$A$18,0)),"") -> -15.2 | I10: =IF(H10="","",10^H10*Ksat_Lookup!$B$5) -> 6.1896915e-09 | J10: =IF(I10="","",I10*Ksat_Lookup!$B$6) -> 0.00053478935
A11: 10 | B11: JKsv | C11: Volcanic | D11: Cretaceous | E11: Jurassic | F11: Mixed sedimentary-volcanic | G11: 'sv' = sedimentary and volcanic rocks -> log-average of the two | H11: =IFERROR(INDEX(Ksat_Lookup!$B$9:$B$18,MATCH(F11,Ksat_Lookup!$A$9:$A$18,0)),"") -> -13.85 | I11: =IF(H11="","",10^H11*Ksat_Lookup!$B$5) -> 1.3856993e-07 | J11: =IF(I11="","",I11*Ksat_Lookup!$B$6) -> 0.011972442
A12: 11 | B12: nT | C12: Sedimentary | D12: Neogene | E12: Neogene | F12: Siliciclastic sedimentary rocks | G12: Pre-Quaternary sedimentary rock (lithology not given) -> siliciclastic, undifferentiated | H12: =IFERROR(INDEX(Ksat_Lookup!$B$9:$B$18,MATCH(F12,Ksat_Lookup!$A$9:$A$18,0)),"") -> -15.2 | I12: =IF(H12="","",10^H12*Ksat_Lookup!$B$5) -> 6.1896915e-09 | J12: =IF(I12="","",I12*Ksat_Lookup!$B$6) -> 0.00053478935
A13: 12 | B13: Ice | C13: Ice | D13: Holocene | E13: Holocene | F13: No data | G13: Not a geologic unit (water/ice/other/unknown) - no Ksat | H13: =IFERROR(INDEX(Ksat_Lookup!$B$9:$B$18,MATCH(F13,Ksat_Lookup!$A$9:$A$18,0)),"") | I13: =IF(H13="","",10^H13*Ksat_Lookup!$B$5) | J13: =IF(I13="","",I13*Ksat_Lookup!$B$6)
... A34: 33 | B34: eTsv | C34: Volcanic | D34: Eocene | E34: Eocene | F34: Mixed sedimentary-volcanic | G34: 'sv' = sedimentary and volcanic rocks -> log-average of the two | H34: =IFERROR(INDEX(Ksat_Lookup!$B$9:$B$18,MATCH(F34,Ksat_Lookup!$A$9:$A$18,0)),"") -> -13.85 | I34: =IF(H34="","",10^H34*Ksat_Lookup!$B$5) -> 1.3856993e-07 | J34: =IF(I34="","",I34*Ksat_Lookup!$B$6) -> 0.011972442
A35: 34 | B35: TQ | C35: Sedimentary | D35: Quaternary | E35: Tertiary | F35: Unconsolidated sediments | G35: Quaternary-Tertiary/Neogene sediments; may be partly consolidated | H35: =IFERROR(INDEX(Ksat_Lookup!$B$9:$B$18,MATCH(F35,Ksat_Lookup!$A$9:$A$18,0)),"") -> -13 | I35: =IF(H35="","",10^H35*Ksat_Lookup!$B$5) -> 9.81e-07 | J35: =IF(I35="","",I35*Ksat_Lookup!$B$6) -> 0.0847584 | K35: Siliciclastic sedimentary rocks | L35: =10^INDEX(Ksat_Lookup!$B$9:$B$18,MATCH(K35,Ksat_Lookup!$A$9:$A$18,0))*Ksat_Lookup!$B$5*Ksat_Lookup!$B$6 -> 0.00053478935
A36: 35 | B36: eT | C36: Sedimentary | D36: Eocene | E36: Eocene | F36: Siliciclastic sedimentary rocks | G36: Pre-Quaternary sedimentary rock (lithology not given) -> siliciclastic, undifferentiated | H36: =IFERROR(INDEX(Ksat_Lookup!$B$9:$B$18,MATCH(F36,Ksat_Lookup!$A$9:$A$18,0)),"") -> -15.2 | I36: =IF(H36="","",10^H36*Ksat_Lookup!$B$5) -> 6.1896915e-09 | J36: =IF(I36="","",I36*Ksat_Lookup!$B$6) -> 0.00053478935
A37: 36 | B37: KT | C37: Sedimentary | D37: Tertiary | E37: Cretaceous | F37: Siliciclastic sedimentary rocks | G37: Pre-Quaternary sedimentary rock (lithology not given) -> siliciclastic, undifferentiated | H37: =IFERROR(INDEX(Ksat_Lookup!$B$9:$B$18,MATCH(F37,Ksat_Lookup!$A$9:$A$18,0)),"") -> -15.2 | I37: =IF(H37="","",10^H37*Ksat_Lookup!$B$5) -> 6.1896915e-09 | J37: =IF(I37="","",I37*Ksat_Lookup!$B$6) -> 0.00053478935
A38: 37 | B38: plT | C38: Sedimentary | D38: Pliocene | E38: Pliocene | F38: Siliciclastic sedimentary rocks | G38: Pre-Quaternary sedimentary rock (lithology not given) -> siliciclastic, undifferentiated | H38: =IFERROR(INDEX(Ksat_Lookup!$B$9:$B$18,MATCH(F38,Ksat_Lookup!$A$9:$A$18,0)),"") -> -15.2 | I38: =IF(H38="","",10^H38*Ksat_Lookup!$B$5) -> 6.1896915e-09 | J38: =IF(I38="","",I38*Ksat_Lookup!$B$6) -> 0.00053478935
A39: 38 | B39: Jvm | C39: Volcanic | D39: Jurassic | E39: Jurassic | F39: Volcanic rocks | G39: Volcanic rocks | H39: =IFERROR(INDEX(Ksat_Lookup!$B$9:$B$18,MATCH(F39,Ksat_Lookup!$A$9:$A$18,0)),"") -> -12.5 | I39: =IF(H39="","",10^H39*Ksat_Lookup!$B$5) -> 3.1021944e-06 | J39: =IF(I39="","",I39*Ksat_Lookup!$B$6) -> 0.26802959
A40: 39 | B40: eTvm | C40: Volcanic | D40: Eocene | E40: Eocene | F40: Volcanic rocks | G40: Volcanic rocks | H40: =IFERROR(INDEX(Ksat_Lookup!$B$9:$B$18,MATCH(F40,Ksat_Lookup!$A$9:$A$18,0)),"") -> -12.5 | I40: =IF(H40="","",10^H40*Ksat_Lookup!$B$5) -> 3.1021944e-06 | J40: =IF(I40="","",I40*Ksat_Lookup!$B$6) -> 0.26802959
A41: 40 | B41: pgTvm | C41: Volcanic | D41: Paleogene | E41: Paleogene | F41: Volcanic rocks | G41: Volcanic rocks | H41: =IFERROR(INDEX(Ksat_Lookup!$B$9:$B$18,MATCH(F41,Ksat_Lookup!$A$9:$A$18,0)),"") -> -12.5 | I41: =IF(H41="","",10^H41*Ksat_Lookup!$B$5) -> 3.1021944e-06 | J41: =IF(I41="","",I41*Ksat_Lookup!$B$6) -> 0.26802959
A42: 41 | B42: Jvi | C42: Volcanic | D42: Jurassic | E42: Jurassic | F42: Volcanic rocks | G42: Volcanic rocks | H42: =IFERROR(INDEX(Ksat_Lookup!$B$9:$B$18,MATCH(F42,Ksat_Lookup!$A$9:$A$18,0)),"") -> -12.5 | I42: =IF(H42="","",10^H42*Ksat_Lookup!$B$5) -> 3.1021944e-06 | J42: =IF(I42="","",I42*Ksat_Lookup!$B$6) -> 0.26802959
A43: 42 | B43: J | C43: Sedimentary | D43: Jurassic | E43: Jurassic | F43: Siliciclastic sedimentary rocks | G43: Pre-Quaternary sedimentary rock (lithology not given) -> siliciclastic, undifferentiated | H43: =IFERROR(INDEX(Ksat_Lookup!$B$9:$B$18,MATCH(F43,Ksat_Lookup!$A$9:$A$18,0)),"") -> -15.2 | I43: =IF(H43="","",10^H43*Ksat_Lookup!$B$5) -> 6.1896915e-09 | J43: =IF(I43="","",I43*Ksat_Lookup!$B$6) -> 0.00053478935
A44: 43 | B44: DPv | C44: Volcanic | D44: Permian | E44: Devonian | F44: Volcanic rocks | G44: Volcanic rocks | H44: =IFERROR(INDEX(Ksat_Lookup!$B$9:$B$18,MATCH(F44,Ksat_Lookup!$A$9:$A$18,0)),"") -> -12.5 | I44: =IF(H44="","",10^H44*Ksat_Lookup!$B$5) -> 3.1021944e-06 | J44: =IF(I44="","",I44*Ksat_Lookup!$B$6) -> 0.26802959
A45: 44 | B45: lmJvi | C45: Volcanic | D45: Middle Jurassic | E45: Lower Jurassic | F45: Volcanic rocks | G45: Volcanic rocks | H45: =IFERROR(INDEX(Ksat_Lookup!$B$9:$B$18,MATCH(F45,Ksat_Lookup!$A$9:$A$18,0)),"") -> -12.5 | I45: =IF(H45="","",10^H45*Ksat_Lookup!$B$5) -> 3.1021944e-06 | J45: =IF(I45="","",I45*Ksat_Lookup!$B$6) -> 0.26802959
A46: 45 | B46: lmJv | C46: Volcanic | D46: Middle Jurassic | E46: Lower Jurassic | F46: Volcanic rocks | G46: Volcanic rocks | H46: =IFERROR(INDEX(Ksat_Lookup!$B$9:$B$18,MATCH(F46,Ksat_Lookup!$A$9:$A$18,0)),"") -> -12.5 | I46: =IF(H46="","",10^H46*Ksat_Lookup!$B$5) -> 3.1021944e-06 | J46: =IF(I46="","",I46*Ksat_Lookup!$B$6) -> 0.26802959
A47: 46 | B47: mJi | C47: Plutonic | D47: Middle Jurassic | E47: Middle Jurassic | F47: Crystalline rocks | G47: Plutonic -> crystalline | H47: =IFERROR(INDEX(Ksat_Lookup!$B$9:$B$18,MATCH(F47,Ksat_Lookup!$A$9:$A$18,0)),"") -> -14.1 | I47: =IF(H47="","",10^H47*Ksat_Lookup!$B$5) -> 7.79236e-08 | J47: =IF(I47="","",I47*Ksat_Lookup!$B$6) -> 0.006732599
... A198: 197 | B198: Xqz | C198: Sedimentary | D198: Early Proterozoic | E198: Early Proterozoic | F198: Siliciclastic sedimentary rocks | G198: Pre-Quaternary sedimentary rock (lithology not given) -> siliciclastic, undifferentiated | H198: =IFERROR(INDEX(Ksat_Lookup!$B$9:$B$18,MATCH(F198,Ksat_Lookup!$A$9:$A$18,0)),"") -> -15.2 | I198: =IF(H198="","",10^H198*Ksat_Lookup!$B$5) -> 6.1896915e-09 | J198: =IF(I198="","",I198*Ksat_Lookup!$B$6) -> 0.00053478935
A199: 198 | B199: Wvm | C199: Volcanic | D199: Late Archean | E199: Late Archean | F199: Volcanic rocks | G199: Precambrian volcanic; often metamorphosed (greenstone) - crystalline value may fit better | H199: =IFERROR(INDEX(Ksat_Lookup!$B$9:$B$18,MATCH(F199,Ksat_Lookup!$A$9:$A$18,0)),"") -> -12.5 | I199: =IF(H199="","",10^H199*Ksat_Lookup!$B$5) -> 3.1021944e-06 | J199: =IF(I199="","",I199*Ksat_Lookup!$B$6) -> 0.26802959 | K199: Crystalline rocks | L199: =10^INDEX(Ksat_Lookup!$B$9:$B$18,MATCH(K199,Ksat_Lookup!$A$9:$A$18,0))*Ksat_Lookup!$B$5*Ksat_Lookup!$B$6 -> 0.006732599
A200: 199 | B200: W | C200: Sedimentary | D200: Late Archean | E200: Late Archean | F200: Siliciclastic sedimentary rocks | G200: Pre-Quaternary sedimentary rock (lithology not given) -> siliciclastic, undifferentiated | H200: =IFERROR(INDEX(Ksat_Lookup!$B$9:$B$18,MATCH(F200,Ksat_Lookup!$A$9:$A$18,0)),"") -> -15.2 | I200: =IF(H200="","",10^H200*Ksat_Lookup!$B$5) -> 6.1896915e-09 | J200: =IF(I200="","",I200*Ksat_Lookup!$B$6) -> 0.00053478935
A201: 200 | B201: Zg | C201: Plutonic | D201: Late Proterozoic | E201: Late Proterozoic | F201: Crystalline rocks | G201: Plutonic -> crystalline | H201: =IFERROR(INDEX(Ksat_Lookup!$B$9:$B$18,MATCH(F201,Ksat_Lookup!$A$9:$A$18,0)),"") -> -14.1 | I201: =IF(H201="","",10^H201*Ksat_Lookup!$B$5) -> 7.79236e-08 | J201: =IF(I201="","",I201*Ksat_Lookup!$B$6) -> 0.006732599
A202: 201 | B202: 2uPA | C202: Sedimentary | D202: Upper Pennsylvanian | E202: Upper Pennsylvanian | F202: Siliciclastic sedimentary rocks | G202: Pre-Quaternary sedimentary rock (lithology not given) -> siliciclastic, undifferentiated | H202: =IFERROR(INDEX(Ksat_Lookup!$B$9:$B$18,MATCH(F202,Ksat_Lookup!$A$9:$A$18,0)),"") -> -15.2 | I202: =IF(H202="","",10^H202*Ksat_Lookup!$B$5) -> 6.1896915e-09 | J202: =IF(I202="","",I202*Ksat_Lookup!$B$6) -> 0.00053478935
A203: 202 | B203: Wt | C203: Plutonic | D203: Late Archean | E203: Late Archean | F203: Crystalline rocks | G203: Plutonic -> crystalline | H203: =IFERROR(INDEX(Ksat_Lookup!$B$9:$B$18,MATCH(F203,Ksat_Lookup!$A$9:$A$18,0)),"") -> -14.1 | I203: =IF(H203="","",10^H203*Ksat_Lookup!$B$5) -> 7.79236e-08 | J203: =IF(I203="","",I203*Ksat_Lookup!$B$6) -> 0.006732599
A204: 203 | B204: Wtn | C204: Metamorphic and undivided crystalline | D204: Late Archean | E204: Late Archean | F204: Crystalline rocks | G204: Metamorphic / undivided crystalline -> crystalline | H204: =IFERROR(INDEX(Ksat_Lookup!$B$9:$B$18,MATCH(F204,Ksat_Lookup!$A$9:$A$18,0)),"") -> -14.1 | I204: =IF(H204="","",10^H204*Ksat_Lookup!$B$5) -> 7.79236e-08 | J204: =IF(I204="","",I204*Ksat_Lookup!$B$6) -> 0.006732599
A205: 204 | B205: SM | C205: Plutonic | D205: Silurian | E205: Silurian | F205: Crystalline rocks | G205: Plutonic -> crystalline | H205: =IFERROR(INDEX(Ksat_Lookup!$B$9:$B$18,MATCH(F205,Ksat_Lookup!$A$9:$A$18,0)),"") -> -14.1 | I205: =IF(H205="","",10^H205*Ksat_Lookup!$B$5) -> 7.79236e-08 | J205: =IF(I205="","",I205*Ksat_Lookup!$B$6) -> 0.006732599
A206: 205 | B206: Wgt | C206: Plutonic | D206: Late Archean | E206: Late Archean | F206: Crystalline rocks | G206: Plutonic -> crystalline | H206: =IFERROR(INDEX(Ksat_Lookup!$B$9:$B$18,MATCH(F206,Ksat_Lookup!$A$9:$A$18,0)),"") -> -14.1 | I206: =IF(H206="","",10^H206*Ksat_Lookup!$B$5) -> 7.79236e-08 | J206: =IF(I206="","",I206*Ksat_Lookup!$B$6) -> 0.006732599
A207: 206 | B207: Wgg | C207: Plutonic | D207: Late Archean | E207: Late Archean | F207: Crystalline rocks | G207: Plutonic -> crystalline | H207: =IFERROR(INDEX(Ksat_Lookup!$B$9:$B$18,MATCH(F207,Ksat_Lookup!$A$9:$A$18,0)),"") -> -14.1 | I207: =IF(H207="","",10^H207*Ksat_Lookup!$B$5) -> 7.79236e-08 | J207: =IF(I207="","",I207*Ksat_Lookup!$B$6) -> 0.006732599
A208: 207 | B208: Ut | C208: Plutonic | D208: Early Archean | E208: Early Archean | F208: Crystalline rocks | G208: Plutonic -> crystalline | H208: =IFERROR(INDEX(Ksat_Lookup!$B$9:$B$18,MATCH(F208,Ksat_Lookup!$A$9:$A$18,0)),"") -> -14.1 | I208: =IF(H208="","",10^H208*Ksat_Lookup!$B$5) -> 7.79236e-08 | J208: =IF(I208="","",I208*Ksat_Lookup!$B$6) -> 0.006732599
A209: 208 | B209: X² | C209: Sedimentary | D209: Early Proterozoic | E209: Early Proterozoic | F209: Siliciclastic sedimentary rocks | G209: Pre-Quaternary sedimentary rock (lithology not given) -> siliciclastic, undifferentiated | H209: =IFERROR(INDEX(Ksat_Lookup!$B$9:$B$18,MATCH(F209,Ksat_Lookup!$A$9:$A$18,0)),"") -> -15.2 | I209: =IF(H209="","",10^H209*Ksat_Lookup!$B$5) -> 6.1896915e-09 | J209: =IF(I209="","",I209*Ksat_Lookup!$B$6) -> 0.00053478935
A210: 209 | B210: lM | C210: Sedimentary | D210: Lower Mississippian | E210: Lower Mississippian | F210: Siliciclastic sedimentary rocks | G210: Pre-Quaternary sedimentary rock (lithology not given) -> siliciclastic, undifferentiated | H210: =IFERROR(INDEX(Ksat_Lookup!$B$9:$B$18,MATCH(F210,Ksat_Lookup!$A$9:$A$18,0)),"") -> -15.2 | I210: =IF(H210="","",10^H210*Ksat_Lookup!$B$5) -> 6.1896915e-09 | J210: =IF(I210="","",I210*Ksat_Lookup!$B$6) -> 0.00053478935
A211: 210 | B211: uM | C211: Sedimentary | D211: Upper Mississippian | E211: Upper Mississippian | F211: Siliciclastic sedimentary rocks | G211: Pre-Quaternary sedimentary rock (lithology not given) -> siliciclastic, undifferentiated | H211: =IFERROR(INDEX(Ksat_Lookup!$B$9:$B$18,MATCH(F211,Ksat_Lookup!$A$9:$A$18,0)),"") -> -15.2 | I211: =IF(H211="","",10^H211*Ksat_Lookup!$B$5) -> 6.1896915e-09 | J211: =IF(I211="","",I211*Ksat_Lookup!$B$6) -> 0.00053478935
... A215: 214 | B215: lO | C215: Sedimentary | D215: Lower Ordovician | E215: Lower Ordovician | F215: Siliciclastic sedimentary rocks | G215: Pre-Quaternary sedimentary rock (lithology not given) -> siliciclastic, undifferentiated | H215: =IFERROR(INDEX(Ksat_Lookup!$B$9:$B$18,MATCH(F215,Ksat_Lookup!$A$9:$A$18,0)),"") -> -15.2 | I215: =IF(H215="","",10^H215*Ksat_Lookup!$B$5) -> 6.1896915e-09 | J215: =IF(I215="","",I215*Ksat_Lookup!$B$6) -> 0.00053478935
A216: 215 | B216: Wvf | C216: Volcanic | D216: Late Archean | E216: Late Archean | F216: Volcanic rocks | G216: Precambrian volcanic; often metamorphosed (greenstone) - crystalline value may fit better | H216: =IFERROR(INDEX(Ksat_Lookup!$B$9:$B$18,MATCH(F216,Ksat_Lookup!$A$9:$A$18,0)),"") -> -12.5 | I216: =IF(H216="","",10^H216*Ksat_Lookup!$B$5) -> 3.1021944e-06 | J216: =IF(I216="","",I216*Ksat_Lookup!$B$6) -> 0.26802959 | K216: Crystalline rocks | L216: =10^INDEX(Ksat_Lookup!$B$9:$B$18,MATCH(K216,Ksat_Lookup!$A$9:$A$18,0))*Ksat_Lookup!$B$5*Ksat_Lookup!$B$6 -> 0.006732599
A217: 216 | B217: Y³vm | C217: Volcanic | D217: Middle Proterozoic | E217: Middle Proterozoic | F217: Volcanic rocks | G217: Precambrian volcanic; often metamorphosed (greenstone) - crystalline value may fit better | H217: =IFERROR(INDEX(Ksat_Lookup!$B$9:$B$18,MATCH(F217,Ksat_Lookup!$A$9:$A$18,0)),"") -> -12.5 | I217: =IF(H217="","",10^H217*Ksat_Lookup!$B$5) -> 3.1021944e-06 | J217: =IF(I217="","",I217*Ksat_Lookup!$B$6) -> 0.26802959 | K217: Crystalline rocks | L217: =10^INDEX(Ksat_Lookup!$B$9:$B$18,MATCH(K217,Ksat_Lookup!$A$9:$A$18,0))*Ksat_Lookup!$B$5*Ksat_Lookup!$B$6 -> 0.006732599
A218: 217 | B218: SD | C218: Sedimentary | D218: Devonian | E218: Silurian | F218: Siliciclastic sedimentary rocks | G218: Pre-Quaternary sedimentary rock (lithology not given) -> siliciclastic, undifferentiated | H218: =IFERROR(INDEX(Ksat_Lookup!$B$9:$B$18,MATCH(F218,Ksat_Lookup!$A$9:$A$18,0)),"") -> -15.2 | I218: =IF(H218="","",10^H218*Ksat_Lookup!$B$5) -> 6.1896915e-09 | J218: =IF(I218="","",I218*Ksat_Lookup!$B$6) -> 0.00053478935
A219: 218 | B219: Y³ | C219: Sedimentary | D219: Middle Proterozoic | E219: Middle Proterozoic | F219: Siliciclastic sedimentary rocks | G219: Pre-Quaternary sedimentary rock (lithology not given) -> siliciclastic, undifferentiated | H219: =IFERROR(INDEX(Ksat_Lookup!$B$9:$B$18,MATCH(F219,Ksat_Lookup!$A$9:$A$18,0)),"") -> -15.2 | I219: =IF(H219="","",10^H219*Ksat_Lookup!$B$5) -> 6.1896915e-09 | J219: =IF(I219="","",I219*Ksat_Lookup!$B$6) -> 0.00053478935
A220: 219 | B220: X²v | C220: Volcanic | D220: Early Proterozoic | E220: Early Proterozoic | F220: Volcanic rocks | G220: Precambrian volcanic; often metamorphosed (greenstone) - crystalline value may fit better | H220: =IFERROR(INDEX(Ksat_Lookup!$B$9:$B$18,MATCH(F220,Ksat_Lookup!$A$9:$A$18,0)),"") -> -12.5 | I220: =IF(H220="","",10^H220*Ksat_Lookup!$B$5) -> 3.1021944e-06 | J220: =IF(I220="","",I220*Ksat_Lookup!$B$6) -> 0.26802959 | K220: Crystalline rocks | L220: =10^INDEX(Ksat_Lookup!$B$9:$B$18,MATCH(K220,Ksat_Lookup!$A$9:$A$18,0))*Ksat_Lookup!$B$5*Ksat_Lookup!$B$6 -> 0.006732599
A221: 220 | B221: S | C221: Sedimentary | D221: Silurian | E221: Silurian | F221: Siliciclastic sedimentary rocks | G221: Pre-Quaternary sedimentary rock (lithology not given) -> siliciclastic, undifferentiated | H221: =IFERROR(INDEX(Ksat_Lookup!$B$9:$B$18,MATCH(F221,Ksat_Lookup!$A$9:$A$18,0)),"") -> -15.2 | I221: =IF(H221="","",10^H221*Ksat_Lookup!$B$5) -> 6.1896915e-09 | J221: =IF(I221="","",I221*Ksat_Lookup!$B$6) -> 0.00053478935
A222: 221 | B222: Y³m | C222: Plutonic | D222: Middle Proterozoic | E222: Middle Proterozoic | F222: Crystalline rocks | G222: Plutonic -> crystalline | H222: =IFERROR(INDEX(Ksat_Lookup!$B$9:$B$18,MATCH(F222,Ksat_Lookup!$A$9:$A$18,0)),"") -> -14.1 | I222: =IF(H222="","",10^H222*Ksat_Lookup!$B$5) -> 7.79236e-08 | J222: =IF(I222="","",I222*Ksat_Lookup!$B$6) -> 0.006732599
A223: 222 | B223: X³q | C223: Plutonic | D223: Early Proterozoic | E223: Early Proterozoic | F223: Crystalline rocks | G223: Plutonic -> crystalline | H223: =IFERROR(INDEX(Ksat_Lookup!$B$9:$B$18,MATCH(F223,Ksat_Lookup!$A$9:$A$18,0)),"") -> -14.1 | I223: =IF(H223="","",10^H223*Ksat_Lookup!$B$5) -> 7.79236e-08 | J223: =IF(I223="","",I223*Ksat_Lookup!$B$6) -> 0.006732599
A224: 223 | B224: X²n | C224: Metamorphic and undivided crystalline | D224: Early Proterozoic | E224: Early Proterozoic | F224: Crystalline rocks | G224: Metamorphic / undivided crystalline -> crystalline | H224: =IFERROR(INDEX(Ksat_Lookup!$B$9:$B$18,MATCH(F224,Ksat_Lookup!$A$9:$A$18,0)),"") -> -14.1 | I224: =IF(H224="","",10^H224*Ksat_Lookup!$B$5) -> 7.79236e-08 | J224: =IF(I224="","",I224*Ksat_Lookup!$B$6) -> 0.006732599
A225: 224 | B225: Wgn | C225: Metamorphic and undivided crystalline | D225: Late Archean | E225: Late Archean | F225: Crystalline rocks | G225: Metamorphic / undivided crystalline -> crystalline | H225: =IFERROR(INDEX(Ksat_Lookup!$B$9:$B$18,MATCH(F225,Ksat_Lookup!$A$9:$A$18,0)),"") -> -14.1 | I225: =IF(H225="","",10^H225*Ksat_Lookup!$B$5) -> 7.79236e-08 | J225: =IF(I225="","",I225*Ksat_Lookup!$B$6) -> 0.006732599
A226: 225 | B226: X³vf | C226: Volcanic | D226: Early Proterozoic | E226: Early Proterozoic | F226: Volcanic rocks | G226: Precambrian volcanic; often metamorphosed (greenstone) - crystalline value may fit better | H226: =IFERROR(INDEX(Ksat_Lookup!$B$9:$B$18,MATCH(F226,Ksat_Lookup!$A$9:$A$18,0)),"") -> -12.5 | I226: =IF(H226="","",10^H226*Ksat_Lookup!$B$5) -> 3.1021944e-06 | J226: =IF(I226="","",I226*Ksat_Lookup!$B$6) -> 0.26802959 | K226: Crystalline rocks | L226: =10^INDEX(Ksat_Lookup!$B$9:$B$18,MATCH(K226,Ksat_Lookup!$A$9:$A$18,0))*Ksat_Lookup!$B$5*Ksat_Lookup!$B$6 -> 0.006732599
A227: 226 | B227: Y³* | C227: Plutonic | D227: Middle Proterozoic | E227: Middle Proterozoic | F227: Crystalline rocks | G227: Plutonic -> crystalline | H227: =IFERROR(INDEX(Ksat_Lookup!$B$9:$B$18,MATCH(F227,Ksat_Lookup!$A$9:$A$18,0)),"") -> -14.1 | I227: =IF(H227="","",10^H227*Ksat_Lookup!$B$5) -> 7.79236e-08 | J227: =IF(I227="","",I227*Ksat_Lookup!$B$6) -> 0.006732599
A228: 227 | B228: Yvf | C228: Volcanic | D228: Middle Proterozoic | E228: Middle Proterozoic | F228: Volcanic rocks | G228: Precambrian volcanic; often metamorphosed (greenstone) - crystalline value may fit better | H228: =IFERROR(INDEX(Ksat_Lookup!$B$9:$B$18,MATCH(F228,Ksat_Lookup!$A$9:$A$18,0)),"") -> -12.5 | I228: =IF(H228="","",10^H228*Ksat_Lookup!$B$5) -> 3.1021944e-06 | J228: =IF(I228="","",I228*Ksat_Lookup!$B$6) -> 0.26802959 | K228: Crystalline rocks | L228: =10^INDEX(Ksat_Lookup!$B$9:$B$18,MATCH(K228,Ksat_Lookup!$A$9:$A$18,0))*Ksat_Lookup!$B$5*Ksat_Lookup!$B$6 -> 0.006732599
A229: 228 | B229: X³qz | C229: Sedimentary | D229: Early Proterozoic | E229: Early Proterozoic | F229: Siliciclastic sedimentary rocks | G229: Pre-Quaternary sedimentary rock (lithology not given) -> siliciclastic, undifferentiated | H229: =IFERROR(INDEX(Ksat_Lookup!$B$9:$B$18,MATCH(F229,Ksat_Lookup!$A$9:$A$18,0)),"") -> -15.2 | I229: =IF(H229="","",10^H229*Ksat_Lookup!$B$5) -> 6.1896915e-09 | J229: =IF(I229="","",I229*Ksat_Lookup!$B$6) -> 0.00053478935
A230: 229 | B230: Y¹g | C230: Plutonic | D230: Middle Proterozoic | E230: Middle Proterozoic | F230: Crystalline rocks | G230: Plutonic -> crystalline | H230: =IFERROR(INDEX(Ksat_Lookup!$B$9:$B$18,MATCH(F230,Ksat_Lookup!$A$9:$A$18,0)),"") -> -14.1 | I230: =IF(H230="","",10^H230*Ksat_Lookup!$B$5) -> 7.79236e-08 | J230: =IF(I230="","",I230*Ksat_Lookup!$B$6) -> 0.006732599
A231: 230 | B231: Y¹ | C231: Sedimentary | D231: Middle Proterozoic | E231: Middle Proterozoic | F231: Siliciclastic sedimentary rocks | G231: Pre-Quaternary sedimentary rock (lithology not given) -> siliciclastic, undifferentiated | H231: =IFERROR(INDEX(Ksat_Lookup!$B$9:$B$18,MATCH(F231,Ksat_Lookup!$A$9:$A$18,0)),"") -> -15.2 | I231: =IF(H231="","",10^H231*Ksat_Lookup!$B$5) -> 6.1896915e-09 | J231: =IF(I231="","",I231*Ksat_Lookup!$B$6) -> 0.00053478935
A232: 231 | B232: uO* | C232: Sedimentary | D232: Upper Ordovician | E232: Upper Ordovician | F232: Siliciclastic sedimentary rocks | G232: Pre-Quaternary sedimentary rock (lithology not given) -> siliciclastic, undifferentiated | H232: =IFERROR(INDEX(Ksat_Lookup!$B$9:$B$18,MATCH(F232,Ksat_Lookup!$A$9:$A$18,0)),"") -> -15.2 | I232: =IF(H232="","",10^H232*Ksat_Lookup!$B$5) -> 6.1896915e-09 | J232: =IF(I232="","",I232*Ksat_Lookup!$B$6) -> 0.00053478935
A233: 232 | B233: Dvm | C233: Volcanic | D233: Devonian | E233: Devonian | F233: Volcanic rocks | G233: Volcanic rocks | H233: =IFERROR(INDEX(Ksat_Lookup!$B$9:$B$18,MATCH(F233,Ksat_Lookup!$A$9:$A$18,0)),"") -> -12.5 | I233: =IF(H233="","",10^H233*Ksat_Lookup!$B$5) -> 3.1021944e-06 | J233: =IF(I233="","",I233*Ksat_Lookup!$B$6) -> 0.26802959
A234: 233 | B234: Kvm | C234: Volcanic | D234: Cretaceous | E234: Cretaceous | F234: Volcanic rocks | G234: Volcanic rocks | H234: =IFERROR(INDEX(Ksat_Lookup!$B$9:$B$18,MATCH(F234,Ksat_Lookup!$A$9:$A$18,0)),"") -> -12.5 | I234: =IF(H234="","",10^H234*Ksat_Lookup!$B$5) -> 3.1021944e-06 | J234: =IF(I234="","",I234*Ksat_Lookup!$B$6) -> 0.26802959
A235: 234 | B235: Kv | C235: Volcanic | D235: Cretaceous | E235: Cretaceous | F235: Volcanic rocks | G235: Volcanic rocks | H235: =IFERROR(INDEX(Ksat_Lookup!$B$9:$B$18,MATCH(F235,Ksat_Lookup!$A$9:$A$18,0)),"") -> -12.5 | I235: =IF(H235="","",10^H235*Ksat_Lookup!$B$5) -> 3.1021944e-06 | J235: =IF(I235="","",I235*Ksat_Lookup!$B$6) -> 0.26802959
A236: 235 | B236: Ki | C236: Plutonic | D236: Cretaceous | E236: Cretaceous | F236: Crystalline rocks | G236: Plutonic -> crystalline | H236: =IFERROR(INDEX(Ksat_Lookup!$B$9:$B$18,MATCH(F236,Ksat_Lookup!$A$9:$A$18,0)),"") -> -14.1 | I236: =IF(H236="","",10^H236*Ksat_Lookup!$B$5) -> 7.79236e-08 | J236: =IF(I236="","",I236*Ksat_Lookup!$B$6) -> 0.006732599
A237: 236 | B237: ZCAsv | C237: Volcanic | D237: Cambrian | E237: Late Proterozoic | F237: Mixed sedimentary-volcanic | G237: 'sv' = sedimentary and volcanic rocks -> log-average of the two | H237: =IFERROR(INDEX(Ksat_Lookup!$B$9:$B$18,MATCH(F237,Ksat_Lookup!$A$9:$A$18,0)),"") -> -13.85 | I237: =IF(H237="","",10^H237*Ksat_Lookup!$B$5) -> 1.3856993e-07 | J237: =IF(I237="","",I237*Ksat_Lookup!$B$6) -> 0.011972442
A238: 237 | B238: CAOg | C238: Plutonic | D238: Ordovician | E238: Cambrian | F238: Crystalline rocks | G238: Plutonic -> crystalline | H238: =IFERROR(INDEX(Ksat_Lookup!$B$9:$B$18,MATCH(F238,Ksat_Lookup!$A$9:$A$18,0)),"") -> -14.1 | I238: =IF(H238="","",10^H238*Ksat_Lookup!$B$5) -> 7.79236e-08 | J238: =IF(I238="","",I238*Ksat_Lookup!$B$6) -> 0.006732599
A239: 238 | B239: Ksv | C239: Volcanic | D239: Cretaceous | E239: Cretaceous | F239: Mixed sedimentary-volcanic | G239: 'sv' = sedimentary and volcanic rocks -> log-average of the two | H239: =IFERROR(INDEX(Ksat_Lookup!$B$9:$B$18,MATCH(F239,Ksat_Lookup!$A$9:$A$18,0)),"") -> -13.85 | I239: =IF(H239="","",10^H239*Ksat_Lookup!$B$5) -> 1.3856993e-07 | J239: =IF(I239="","",I239*Ksat_Lookup!$B$6) -> 0.011972442
A240: 239 | B240: Ygn | C240: Metamorphic and undivided crystalline | D240: Middle Proterozoic | E240: Middle Proterozoic | F240: Crystalline rocks | G240: Metamorphic / undivided crystalline -> crystalline | H240: =IFERROR(INDEX(Ksat_Lookup!$B$9:$B$18,MATCH(F240,Ksat_Lookup!$A$9:$A$18,0)),"") -> -14.1 | I240: =IF(H240="","",10^H240*Ksat_Lookup!$B$5) -> 7.79236e-08 | J240: =IF(I240="","",I240*Ksat_Lookup!$B$6) -> 0.006732599
... A246: 245 | B246: CAvf | C246: Volcanic | D246: Cambrian | E246: Cambrian | F246: Volcanic rocks | G246: Volcanic rocks | H246: =IFERROR(INDEX(Ksat_Lookup!$B$9:$B$18,MATCH(F246,Ksat_Lookup!$A$9:$A$18,0)),"") -> -12.5 | I246: =IF(H246="","",10^H246*Ksat_Lookup!$B$5) -> 3.1021944e-06 | J246: =IF(I246="","",I246*Ksat_Lookup!$B$6) -> 0.26802959
A247: 246 | B247: Wv | C247: Volcanic | D247: Late Archean | E247: Late Archean | F247: Volcanic rocks | G247: Precambrian volcanic; often metamorphosed (greenstone) - crystalline value may fit better | H247: =IFERROR(INDEX(Ksat_Lookup!$B$9:$B$18,MATCH(F247,Ksat_Lookup!$A$9:$A$18,0)),"") -> -12.5 | I247: =IF(H247="","",10^H247*Ksat_Lookup!$B$5) -> 3.1021944e-06 | J247: =IF(I247="","",I247*Ksat_Lookup!$B$6) -> 0.26802959 | K247: Crystalline rocks | L247: =10^INDEX(Ksat_Lookup!$B$9:$B$18,MATCH(K247,Ksat_Lookup!$A$9:$A$18,0))*Ksat_Lookup!$B$5*Ksat_Lookup!$B$6 -> 0.006732599
A248: 247 | B248: Wm | C248: Plutonic | D248: Late Archean | E248: Late Archean | F248: Crystalline rocks | G248: Plutonic -> crystalline | H248: =IFERROR(INDEX(Ksat_Lookup!$B$9:$B$18,MATCH(F248,Ksat_Lookup!$A$9:$A$18,0)),"") -> -14.1 | I248: =IF(H248="","",10^H248*Ksat_Lookup!$B$5) -> 7.79236e-08 | J248: =IF(I248="","",I248*Ksat_Lookup!$B$6) -> 0.006732599
A249: 248 | B249: lD | C249: Sedimentary | D249: Lower Devonian | E249: Lower Devonian | F249: Siliciclastic sedimentary rocks | G249: Pre-Quaternary sedimentary rock (lithology not given) -> siliciclastic, undifferentiated | H249: =IFERROR(INDEX(Ksat_Lookup!$B$9:$B$18,MATCH(F249,Ksat_Lookup!$A$9:$A$18,0)),"") -> -15.2 | I249: =IF(H249="","",10^H249*Ksat_Lookup!$B$5) -> 6.1896915e-09 | J249: =IF(I249="","",I249*Ksat_Lookup!$B$6) -> 0.00053478935
A250: 249 | B250: X²m | C250: Plutonic | D250: Early Proterozoic | E250: Early Proterozoic | F250: Crystalline rocks | G250: Plutonic -> crystalline | H250: =IFERROR(INDEX(Ksat_Lookup!$B$9:$B$18,MATCH(F250,Ksat_Lookup!$A$9:$A$18,0)),"") -> -14.1 | I250: =IF(H250="","",10^H250*Ksat_Lookup!$B$5) -> 7.79236e-08 | J250: =IF(I250="","",I250*Ksat_Lookup!$B$6) -> 0.006732599
A251: 250 | B251: Zv | C251: Volcanic | D251: Late Proterozoic | E251: Late Proterozoic | F251: Volcanic rocks | G251: Precambrian volcanic; often metamorphosed (greenstone) - crystalline value may fit better | H251: =IFERROR(INDEX(Ksat_Lookup!$B$9:$B$18,MATCH(F251,Ksat_Lookup!$A$9:$A$18,0)),"") -> -12.5 | I251: =IF(H251="","",10^H251*Ksat_Lookup!$B$5) -> 3.1021944e-06 | J251: =IF(I251="","",I251*Ksat_Lookup!$B$6) -> 0.26802959 | K251: Crystalline rocks | L251: =10^INDEX(Ksat_Lookup!$B$9:$B$18,MATCH(K251,Ksat_Lookup!$A$9:$A$18,0))*Ksat_Lookup!$B$5*Ksat_Lookup!$B$6 -> 0.006732599
A252: 251 | B252: Zvm | C252: Volcanic | D252: Late Proterozoic | E252: Late Proterozoic | F252: Volcanic rocks | G252: Precambrian volcanic; often metamorphosed (greenstone) - crystalline value may fit better | H252: =IFERROR(INDEX(Ksat_Lookup!$B$9:$B$18,MATCH(F252,Ksat_Lookup!$A$9:$A$18,0)),"") -> -12.5 | I252: =IF(H252="","",10^H252*Ksat_Lookup!$B$5) -> 3.1021944e-06 | J252: =IF(I252="","",I252*Ksat_Lookup!$B$6) -> 0.26802959 | K252: Crystalline rocks | L252: =10^INDEX(Ksat_Lookup!$B$9:$B$18,MATCH(K252,Ksat_Lookup!$A$9:$A$18,0))*Ksat_Lookup!$B$5*Ksat_Lookup!$B$6 -> 0.006732599
A253: 252 | B253: MPAg | C253: Plutonic | D253: Pennsylvanian | E253: Mississippian | F253: Crystalline rocks | G253: Plutonic -> crystalline | H253: =IFERROR(INDEX(Ksat_Lookup!$B$9:$B$18,MATCH(F253,Ksat_Lookup!$A$9:$A$18,0)),"") -> -14.1 | I253: =IF(H253="","",10^H253*Ksat_Lookup!$B$5) -> 7.79236e-08 | J253: =IF(I253="","",I253*Ksat_Lookup!$B$6) -> 0.006732599
A254: 253 | B254: mO | C254: Sedimentary | D254: Middle Ordovician | E254: Middle Ordovician | F254: Siliciclastic sedimentary rocks | G254: Pre-Quaternary sedimentary rock (lithology not given) -> siliciclastic, undifferentiated | H254: =IFERROR(INDEX(Ksat_Lookup!$B$9:$B$18,MATCH(F254,Ksat_Lookup!$A$9:$A$18,0)),"") -> -15.2 | I254: =IF(H254="","",10^H254*Ksat_Lookup!$B$5) -> 6.1896915e-09 | J254: =IF(I254="","",I254*Ksat_Lookup!$B$6) -> 0.00053478935
A255: 254 | B255: lPA | C255: Sedimentary | D255: Lower Pennsylvanian | E255: Lower Pennsylvanian | F255: Siliciclastic sedimentary rocks | G255: Pre-Quaternary sedimentary rock (lithology not given) -> siliciclastic, undifferentiated | H255: =IFERROR(INDEX(Ksat_Lookup!$B$9:$B$18,MATCH(F255,Ksat_Lookup!$A$9:$A$18,0)),"") -> -15.2 | I255: =IF(H255="","",10^H255*Ksat_Lookup!$B$5) -> 6.1896915e-09 | J255: =IF(I255="","",I255*Ksat_Lookup!$B$6) -> 0.00053478935
A256: 255 | B256: uPA | C256: Sedimentary | D256: Upper Pennsylvanian | E256: Upper Pennsylvanian | F256: Siliciclastic sedimentary rocks | G256: Pre-Quaternary sedimentary rock (lithology not given) -> siliciclastic, undifferentiated | H256: =IFERROR(INDEX(Ksat_Lookup!$B$9:$B$18,MATCH(F256,Ksat_Lookup!$A$9:$A$18,0)),"") -> -15.2 | I256: =IF(H256="","",10^H256*Ksat_Lookup!$B$5) -> 6.1896915e-09 | J256: =IF(I256="","",I256*Ksat_Lookup!$B$6) -> 0.00053478935
A257: 256 | B257: ZCAvf | C257: Volcanic | D257: Cambrian | E257: Late Proterozoic | F257: Volcanic rocks | G257: Precambrian volcanic; often metamorphosed (greenstone) - crystalline value may fit better | H257: =IFERROR(INDEX(Ksat_Lookup!$B$9:$B$18,MATCH(F257,Ksat_Lookup!$A$9:$A$18,0)),"") -> -12.5 | I257: =IF(H257="","",10^H257*Ksat_Lookup!$B$5) -> 3.1021944e-06 | J257: =IF(I257="","",I257*Ksat_Lookup!$B$6) -> 0.26802959 | K257: Crystalline rocks | L257: =10^INDEX(Ksat_Lookup!$B$9:$B$18,MATCH(K257,Ksat_Lookup!$A$9:$A$18,0))*Ksat_Lookup!$B$5*Ksat_Lookup!$B$6 -> 0.006732599
A258: 257 | B258: ZCAm | C258: Plutonic | D258: Cambrian | E258: Late Proterozoic | F258: Crystalline rocks | G258: Plutonic -> crystalline | H258: =IFERROR(INDEX(Ksat_Lookup!$B$9:$B$18,MATCH(F258,Ksat_Lookup!$A$9:$A$18,0)),"") -> -14.1 | I258: =IF(H258="","",10^H258*Ksat_Lookup!$B$5) -> 7.79236e-08 | J258: =IF(I258="","",I258*Ksat_Lookup!$B$6) -> 0.006732599
A259: 258 | B259: WXn | C259: Metamorphic and undivided crystalline | D259: Early Proterozoic | E259: Late Archean | F259: Crystalline rocks | G259: Metamorphic / undivided crystalline -> crystalline | H259: =IFERROR(INDEX(Ksat_Lookup!$B$9:$B$18,MATCH(F259,Ksat_Lookup!$A$9:$A$18,0)),"") -> -14.1 | I259: =IF(H259="","",10^H259*Ksat_Lookup!$B$5) -> 7.79236e-08 | J259: =IF(I259="","",I259*Ksat_Lookup!$B$6) -> 0.006732599
A260: 259 | B260: Xn | C260: Metamorphic and undivided crystalline | D260: Early Proterozoic | E260: Early Proterozoic | F260: Crystalline rocks | G260: Metamorphic / undivided crystalline -> crystalline | H260: =IFERROR(INDEX(Ksat_Lookup!$B$9:$B$18,MATCH(F260,Ksat_Lookup!$A$9:$A$18,0)),"") -> -14.1 | I260: =IF(H260="","",10^H260*Ksat_Lookup!$B$5) -> 7.79236e-08 | J260: =IF(I260="","",I260*Ksat_Lookup!$B$6) -> 0.006732599
A261: 260 | B261: Y¹gn | C261: Metamorphic and undivided crystalline | D261: Middle Proterozoic | E261: Middle Proterozoic | F261: Crystalline rocks | G261: Metamorphic / undivided crystalline -> crystalline | H261: =IFERROR(INDEX(Ksat_Lookup!$B$9:$B$18,MATCH(F261,Ksat_Lookup!$A$9:$A$18,0)),"") -> -14.1 | I261: =IF(H261="","",10^H261*Ksat_Lookup!$B$5) -> 7.79236e-08 | J261: =IF(I261="","",I261*Ksat_Lookup!$B$6) -> 0.006732599
A262: 261 | B262: ZCAg | C262: Plutonic | D262: Cambrian | E262: Late Proterozoic | F262: Crystalline rocks | G262: Plutonic -> crystalline | H262: =IFERROR(INDEX(Ksat_Lookup!$B$9:$B$18,MATCH(F262,Ksat_Lookup!$A$9:$A$18,0)),"") -> -14.1 | I262: =IF(H262="","",10^H262*Ksat_Lookup!$B$5) -> 7.79236e-08 | J262: =IF(I262="","",I262*Ksat_Lookup!$B$6) -> 0.006732599
A263: 262 | B263: Ysn | C263: Metamorphic and undivided crystalline | D263: Middle Proterozoic | E263: Middle Proterozoic | F263: Crystalline rocks | G263: Metamorphic / undivided crystalline -> crystalline | H263: =IFERROR(INDEX(Ksat_Lookup!$B$9:$B$18,MATCH(F263,Ksat_Lookup!$A$9:$A$18,0)),"") -> -14.1 | I263: =IF(H263="","",10^H263*Ksat_Lookup!$B$5) -> 7.79236e-08 | J263: =IF(I263="","",I263*Ksat_Lookup!$B$6) -> 0.006732599
A264: 263 | B264: ZCAvm | C264: Volcanic | D264: Cambrian | E264: Late Proterozoic | F264: Volcanic rocks | G264: Precambrian volcanic; often metamorphosed (greenstone) - crystalline value may fit better | H264: =IFERROR(INDEX(Ksat_Lookup!$B$9:$B$18,MATCH(F264,Ksat_Lookup!$A$9:$A$18,0)),"") -> -12.5 | I264: =IF(H264="","",10^H264*Ksat_Lookup!$B$5) -> 3.1021944e-06 | J264: =IF(I264="","",I264*Ksat_Lookup!$B$6) -> 0.26802959 | K264: Crystalline rocks | L264: =10^INDEX(Ksat_Lookup!$B$9:$B$18,MATCH(K264,Ksat_Lookup!$A$9:$A$18,0))*Ksat_Lookup!$B$5*Ksat_Lookup!$B$6 -> 0.006732599
A265: 264 | B265: Y²mb | C265: Metamorphic and undivided crystalline | D265: Middle Proterozoic | E265: Middle Proterozoic | F265: Crystalline rocks | G265: Metamorphic / undivided crystalline -> crystalline | H265: =IFERROR(INDEX(Ksat_Lookup!$B$9:$B$18,MATCH(F265,Ksat_Lookup!$A$9:$A$18,0)),"") -> -14.1 | I265: =IF(H265="","",10^H265*Ksat_Lookup!$B$5) -> 7.79236e-08 | J265: =IF(I265="","",I265*Ksat_Lookup!$B$6) -> 0.006732599
A266: 265 | B266: Og | C266: Plutonic | D266: Ordovician | E266: Ordovician | F266: Crystalline rocks | G266: Plutonic -> crystalline | H266: =IFERROR(INDEX(Ksat_Lookup!$B$9:$B$18,MATCH(F266,Ksat_Lookup!$A$9:$A$18,0)),"") -> -14.1 | I266: =IF(H266="","",10^H266*Ksat_Lookup!$B$5) -> 7.79236e-08 | J266: =IF(I266="","",I266*Ksat_Lookup!$B$6) -> 0.006732599
A267: 266 | B267: Y²n | C267: Metamorphic and undivided crystalline | D267: Middle Proterozoic | E267: Middle Proterozoic | F267: Crystalline rocks | G267: Metamorphic / undivided crystalline -> crystalline | H267: =IFERROR(INDEX(Ksat_Lookup!$B$9:$B$18,MATCH(F267,Ksat_Lookup!$A$9:$A$18,0)),"") -> -14.1 | I267: =IF(H267="","",10^H267*Ksat_Lookup!$B$5) -> 7.79236e-08 | J267: =IF(I267="","",I267*Ksat_Lookup!$B$6) -> 0.006732599
A268: 267 | B268: Y²vm | C268: Volcanic | D268: Middle Proterozoic | E268: Middle Proterozoic | F268: Volcanic rocks | G268: Precambrian volcanic; often metamorphosed (greenstone) - crystalline value may fit better | H268: =IFERROR(INDEX(Ksat_Lookup!$B$9:$B$18,MATCH(F268,Ksat_Lookup!$A$9:$A$18,0)),"") -> -12.5 | I268: =IF(H268="","",10^H268*Ksat_Lookup!$B$5) -> 3.1021944e-06 | J268: =IF(I268="","",I268*Ksat_Lookup!$B$6) -> 0.26802959 | K268: Crystalline rocks | L268: =10^INDEX(Ksat_Lookup!$B$9:$B$18,MATCH(K268,Ksat_Lookup!$A$9:$A$18,0))*Ksat_Lookup!$B$5*Ksat_Lookup!$B$6 -> 0.006732599
A269: 268 | B269: Y²k | C269: Plutonic | D269: Middle Proterozoic | E269: Middle Proterozoic | F269: Crystalline rocks | G269: Plutonic -> crystalline | H269: =IFERROR(INDEX(Ksat_Lookup!$B$9:$B$18,MATCH(F269,Ksat_Lookup!$A$9:$A$18,0)),"") -> -14.1 | I269: =IF(H269="","",10^H269*Ksat_Lookup!$B$5) -> 7.79236e-08 | J269: =IF(I269="","",I269*Ksat_Lookup!$B$6) -> 0.006732599
A270: 269 | B270: Y²g | C270: Plutonic | D270: Middle Proterozoic | E270: Middle Proterozoic | F270: Crystalline rocks | G270: Plutonic -> crystalline | H270: =IFERROR(INDEX(Ksat_Lookup!$B$9:$B$18,MATCH(F270,Ksat_Lookup!$A$9:$A$18,0)),"") -> -14.1 | I270: =IF(H270="","",10^H270*Ksat_Lookup!$B$5) -> 7.79236e-08 | J270: =IF(I270="","",I270*Ksat_Lookup!$B$6) -> 0.006732599
A271: 270 | B271: uKvm | C271: Volcanic | D271: Upper Cretaceous | E271: Upper Cretaceous | F271: Volcanic rocks | G271: Volcanic rocks | H271: =IFERROR(INDEX(Ksat_Lookup!$B$9:$B$18,MATCH(F271,Ksat_Lookup!$A$9:$A$18,0)),"") -> -12.5 | I271: =IF(H271="","",10^H271*Ksat_Lookup!$B$5) -> 3.1021944e-06 | J271: =IF(I271="","",I271*Ksat_Lookup!$B$6) -> 0.26802959
A272: 271 | B272: KTi | C272: Plutonic | D272: Tertiary | E272: Cretaceous | F272: Crystalline rocks | G272: Plutonic -> crystalline | H272: =IFERROR(INDEX(Ksat_Lookup!$B$9:$B$18,MATCH(F272,Ksat_Lookup!$A$9:$A$18,0)),"") -> -14.1 | I272: =IF(H272="","",10^H272*Ksat_Lookup!$B$5) -> 7.79236e-08 | J272: =IF(I272="","",I272*Ksat_Lookup!$B$6) -> 0.006732599
A273: 272 | B273: nT* | C273: Volcanic | D273: Neogene | E273: Neogene | F273: Volcanic rocks | G273: Volcanic rocks | H273: =IFERROR(INDEX(Ksat_Lookup!$B$9:$B$18,MATCH(F273,Ksat_Lookup!$A$9:$A$18,0)),"") -> -12.5 | I273: =IF(H273="","",10^H273*Ksat_Lookup!$B$5) -> 3.1021944e-06 | J273: =IF(I273="","",I273*Ksat_Lookup!$B$6) -> 0.26802959
A274: 273 | B274: Y²sn | C274: Metamorphic and undivided crystalline | D274: Middle Proterozoic | E274: Middle Proterozoic | F274: Crystalline rocks | G274: Metamorphic / undivided crystalline -> crystalline | H274: =IFERROR(INDEX(Ksat_Lookup!$B$9:$B$18,MATCH(F274,Ksat_Lookup!$A$9:$A$18,0)),"") -> -14.1 | I274: =IF(H274="","",10^H274*Ksat_Lookup!$B$5) -> 7.79236e-08 | J274: =IF(I274="","",I274*Ksat_Lookup!$B$6) -> 0.006732599
A275: 274 | B275: Y³g | C275: Plutonic | D275: Middle Proterozoic | E275: Middle Proterozoic | F275: Crystalline rocks | G275: Plutonic -> crystalline | H275: =IFERROR(INDEX(Ksat_Lookup!$B$9:$B$18,MATCH(F275,Ksat_Lookup!$A$9:$A$18,0)),"") -> -14.1 | I275: =IF(H275="","",10^H275*Ksat_Lookup!$B$5) -> 7.79236e-08 | J275: =IF(I275="","",I275*Ksat_Lookup!$B$6) -> 0.006732599
A276: 275 | B276: pgTvf | C276: Volcanic | D276: Paleogene | E276: Paleogene | F276: Volcanic rocks | G276: Volcanic rocks | H276: =IFERROR(INDEX(Ksat_Lookup!$B$9:$B$18,MATCH(F276,Ksat_Lookup!$A$9:$A$18,0)),"") -> -12.5 | I276: =IF(H276="","",10^H276*Ksat_Lookup!$B$5) -> 3.1021944e-06 | J276: =IF(I276="","",I276*Ksat_Lookup!$B$6) -> 0.26802959
A277: 276 | B277: Y³y | C277: Plutonic | D277: Middle Proterozoic | E277: Middle Proterozoic | F277: Crystalline rocks | G277: Plutonic -> crystalline | H277: =IFERROR(INDEX(Ksat_Lookup!$B$9:$B$18,MATCH(F277,Ksat_Lookup!$A$9:$A$18,0)),"") -> -14.1 | I277: =IF(H277="","",10^H277*Ksat_Lookup!$B$5) -> 7.79236e-08 | J277: =IF(I277="","",I277*Ksat_Lookup!$B$6) -> 0.006732599
A278: 277 | B278: Y²gn | C278: Metamorphic and undivided crystalline | D278: Middle Proterozoic | E278: Middle Proterozoic | F278: Crystalline rocks | G278: Metamorphic / undivided crystalline -> crystalline | H278: =IFERROR(INDEX(Ksat_Lookup!$B$9:$B$18,MATCH(F278,Ksat_Lookup!$A$9:$A$18,0)),"") -> -14.1 | I278: =IF(H278="","",10^H278*Ksat_Lookup!$B$5) -> 7.79236e-08 | J278: =IF(I278="","",I278*Ksat_Lookup!$B$6) -> 0.006732599
...

Sheet Ksat_Lookup
A1: Conversion constants (permeability k -> hydraulic conductivity K = k*rho*g/mu)
A2: Water density rho (kg/m3) | B2: 1000
A3: Gravity g (m/s2) | B3: 9.81
A4: Dynamic viscosity mu (Pa s, ~20 C) | B4: 0.001
A5: Factor rho*g/mu (1/(m s)) | B5: =B2*B3/B4 -> 9810000
A6: Seconds per day | B6: 86400
A8: Hydrolithology | B8: log10 k mean (m2) | C8: log10 k SD | D8: Ksat (m/s) | E8: Ksat (m/day) | F8: Source / note
A9: Unconsolidated sediments | B9: -13 | C9: 2 | D9: =10^B9*$B$5 -> 9.81e-07 | E9: =D9*$B$6 -> 0.0847584 | F9: Gleeson et al. (2011) GRL 38:L02401, hydrolithology geometric means (also used in GLHYMPS 1.0)
A10: Siliciclastic sedimentary rocks | B10: -15.2 | C10: 2.5 | D10: =10^B10*$B$5 -> 6.1896915e-09 | E10: =D10*$B$6 -> 0.00053478935 | F10: Gleeson et al. (2011) GRL 38:L02401, hydrolithology geometric means (also used in GLHYMPS 1.0)
A11: Volcanic rocks | B11: -12.5 | C11: 1.8 | D11: =10^B11*$B$5 -> 3.1021944e-06 | E11: =D11*$B$6 -> 0.26802959 | F11: Gleeson et al. (2011) GRL 38:L02401, hydrolithology geometric means (also used in GLHYMPS 1.0)
A12: Crystalline rocks | B12: -14.1 | C12: 1.5 | D12: =10^B12*$B$5 -> 7.79236e-08 | E12: =D12*$B$6 -> 0.006732599 | F12: Gleeson et al. (2011) GRL 38:L02401, hydrolithology geometric means (also used in GLHYMPS 1.0)
A13: Mixed sedimentary-volcanic | B13: =AVERAGE(B10,B11) -> -13.85 | C13: =SQRT((C10^2+C11^2)/2) -> 2.1783021 | D13: =10^B13*$B$5 -> 1.3856993e-07 | E13: =D13*$B$6 -> 0.011972442 | F13: Derived: mean of siliciclastic and volcanic log k
A14: Carbonate rocks (ref.) | B14: -11.8 | C14: 1.5 | D14: =10^B14*$B$5 -> 1.5547802e-05 | E14: =D14*$B$6 -> 1.3433301 | F14: Gleeson et al. (2011) GRL 38:L02401, hydrolithology geometric means (also used in GLHYMPS 1.0) - not assigned (no carbonate info in codes)
A15: Unconsolidated coarse (ref.) | B15: -10.9 | C15: 1.2 | D15: =10^B15*$B$5 -> 0.00012350058 | E15: =D15*$B$6 -> 10.67045 | F15: Gleeson et al. (2011) GRL 38:L02401, hydrolithology geometric means (also used in GLHYMPS 1.0) - reference only
A16: Unconsolidated fine (ref.) | B16: -14 | C16: 1.8 | D16: =10^B16*$B$5 -> 9.81e-08 | E16: =D16*$B$6 -> 0.00847584 | F16: Gleeson et al. (2011) GRL 38:L02401, hydrolithology geometric means (also used in GLHYMPS 1.0) - reference only
A17: Siliciclastic coarse (ref.) | B17: -12.5 | C17: 0.9 | D17: =10^B17*$B$5 -> 3.1021944e-06 | E17: =D17*$B$6 -> 0.26802959 | F17: Gleeson et al. (2011) GRL 38:L02401, hydrolithology geometric means (also used in GLHYMPS 1.0) - reference only
A18: Siliciclastic fine (ref.) | B18: -16.5 | C18: 1.7 | D18: =10^B18*$B$5 -> 3.1021944e-10 | E18: =D18*$B$6 -> 2.6802959e-05 | F18: Gleeson et al. (2011) GRL 38:L02401, hydrolithology geometric means (also used in GLHYMPS 1.0) - reference only
A20: Notes
A21: Values are regional-scale (>5 km), ~upper 100 m, saturated. SD is ~1-2.5 orders of magnitude: treat as representative, not measured.
A22: Blue = hardcoded input (edit to change all classes). Black = formula.
A23: Values entered from Gleeson et al. (2011) Table 1 as recalled; verify against doi:10.1029/2010GL045565 before publication.
